median_household_income,population,state,county,tract,county_name,GEOID
54811,3013,12,086,000107,Miami-Dade,12086000107
55179,3187,12,086,000109,Miami-Dade,12086000109
97847,1788,12,086,000115,Miami-Dade,12086000115
98824,1208,12,086,000118,Miami-Dade,12086000118
73939,4175,12,086,000120,Miami-Dade,12086000120
87500,1787,12,086,000121,Miami-Dade,12086000121
92524,3883,12,086,000122,Miami-Dade,12086000122
56500,4099,12,086,000123,Miami-Dade,12086000123
42105,3515,12,086,000124,Miami-Dade,12086000124
50440,4314,12,086,000125,Miami-Dade,12086000125
32600,1978,12,086,000126,Miami-Dade,12086000126
46933,2547,12,086,000127,Miami-Dade,12086000127
78427,3887,12,086,000128,Miami-Dade,12086000128
106950,2190,12,086,000129,Miami-Dade,12086000129
88350,2698,12,086,000130,Miami-Dade,12086000130
78388,4637,12,086,000131,Miami-Dade,12086000131
38768,5441,12,086,000132,Miami-Dade,12086000132
41633,3208,12,086,000134,Miami-Dade,12086000134
66146,3652,12,086,000140,Miami-Dade,12086000140
78265,1730,12,086,000141,Miami-Dade,12086000141
68661,4666,12,086,000142,Miami-Dade,12086000142
49559,3155,12,086,000143,Miami-Dade,12086000143
84299,1221,12,086,000144,Miami-Dade,12086000144
158218,3173,12,086,000145,Miami-Dade,12086000145
102576,4530,12,086,000146,Miami-Dade,12086000146
61518,4211,12,086,000204,Miami-Dade,12086000204
47147,6552,12,086,000206,Miami-Dade,12086000206
54821,2719,12,086,000211,Miami-Dade,12086000211
36114,4582,12,086,000212,Miami-Dade,12086000212
63987,5618,12,086,000213,Miami-Dade,12086000213
57024,5604,12,086,000215,Miami-Dade,12086000215
64861,4719,12,086,000216,Miami-Dade,12086000216
37650,3064,12,086,000218,Miami-Dade,12086000218
43824,4965,12,086,000219,Miami-Dade,12086000219
39846,5448,12,086,000220,Miami-Dade,12086000220
72311,2150,12,086,000221,Miami-Dade,12086000221
53313,4128,12,086,000222,Miami-Dade,12086000222
40417,2862,12,086,000223,Miami-Dade,12086000223
37079,4506,12,086,000224,Miami-Dade,12086000224
52565,4337,12,086,000225,Miami-Dade,12086000225
71250,2797,12,086,000226,Miami-Dade,12086000226
43790,3170,12,086,000227,Miami-Dade,12086000227
45516,2778,12,086,000228,Miami-Dade,12086000228
80500,2087,12,086,000302,Miami-Dade,12086000302
44622,4913,12,086,000306,Miami-Dade,12086000306
55859,4069,12,086,000307,Miami-Dade,12086000307
69924,4708,12,086,000308,Miami-Dade,12086000308
43839,3905,12,086,000309,Miami-Dade,12086000309
50500,2967,12,086,000310,Miami-Dade,12086000310
36822,4430,12,086,000311,Miami-Dade,12086000311
40398,3638,12,086,000312,Miami-Dade,12086000312
48796,4315,12,086,000402,Miami-Dade,12086000402
56073,3796,12,086,000405,Miami-Dade,12086000405
43028,6253,12,086,000408,Miami-Dade,12086000408
57000,4372,12,086,000409,Miami-Dade,12086000409
56815,5146,12,086,000410,Miami-Dade,12086000410
42594,6043,12,086,000411,Miami-Dade,12086000411
57500,5622,12,086,000413,Miami-Dade,12086000413
45740,5011,12,086,000414,Miami-Dade,12086000414
60893,2099,12,086,000415,Miami-Dade,12086000415
30585,4996,12,086,000416,Miami-Dade,12086000416
42665,4500,12,086,000417,Miami-Dade,12086000417
32276,3074,12,086,000418,Miami-Dade,12086000418
68873,3388,12,086,000419,Miami-Dade,12086000419
43594,3231,12,086,000420,Miami-Dade,12086000420
45500,4913,12,086,000504,Miami-Dade,12086000504
43426,5179,12,086,000505,Miami-Dade,12086000505
46850,2507,12,086,000506,Miami-Dade,12086000506
49792,4756,12,086,000507,Miami-Dade,12086000507
25800,3907,12,086,000508,Miami-Dade,12086000508
54677,3358,12,086,000509,Miami-Dade,12086000509
70134,3831,12,086,000601,Miami-Dade,12086000601
69712,5256,12,086,000602,Miami-Dade,12086000602
71563,4875,12,086,000603,Miami-Dade,12086000603
83550,5047,12,086,000605,Miami-Dade,12086000605
41207,4497,12,086,000607,Miami-Dade,12086000607
31809,3478,12,086,000609,Miami-Dade,12086000609
57943,2865,12,086,000610,Miami-Dade,12086000610
49449,2604,12,086,000611,Miami-Dade,12086000611
71333,3032,12,086,000612,Miami-Dade,12086000612
31477,4768,12,086,000705,Miami-Dade,12086000705
30938,5148,12,086,000710,Miami-Dade,12086000710
41429,5887,12,086,000711,Miami-Dade,12086000711
40670,2194,12,086,000712,Miami-Dade,12086000712
24479,3063,12,086,000713,Miami-Dade,12086000713
40619,4851,12,086,000714,Miami-Dade,12086000714
61797,3591,12,086,000715,Miami-Dade,12086000715
61607,2671,12,086,000716,Miami-Dade,12086000716
55345,2466,12,086,000717,Miami-Dade,12086000717
57411,4048,12,086,000718,Miami-Dade,12086000718
27639,1209,12,086,000719,Miami-Dade,12086000719
37548,3526,12,086,000720,Miami-Dade,12086000720
50614,4272,12,086,000804,Miami-Dade,12086000804
55729,5349,12,086,000805,Miami-Dade,12086000805
41439,4202,12,086,000806,Miami-Dade,12086000806
35560,4072,12,086,000807,Miami-Dade,12086000807
42100,4041,12,086,000808,Miami-Dade,12086000808
44833,3626,12,086,000903,Miami-Dade,12086000903
47763,2474,12,086,000904,Miami-Dade,12086000904
62000,3606,12,086,000905,Miami-Dade,12086000905
48214,1631,12,086,000906,Miami-Dade,12086000906
55293,1802,12,086,000907,Miami-Dade,12086000907
59034,3561,12,086,000908,Miami-Dade,12086000908
57333,6442,12,086,001003,Miami-Dade,12086001003
46473,7302,12,086,001004,Miami-Dade,12086001004
26136,1640,12,086,001005,Miami-Dade,12086001005
30657,4936,12,086,001006,Miami-Dade,12086001006
46413,3154,12,086,001007,Miami-Dade,12086001007
47917,3290,12,086,001008,Miami-Dade,12086001008
60679,5177,12,086,001101,Miami-Dade,12086001101
90000,5839,12,086,001102,Miami-Dade,12086001102
56625,4517,12,086,001103,Miami-Dade,12086001103
151708,4935,12,086,001104,Miami-Dade,12086001104
64155,5915,12,086,001204,Miami-Dade,12086001204
106919,2438,12,086,001205,Miami-Dade,12086001205
104958,4028,12,086,001206,Miami-Dade,12086001206
46630,2168,12,086,001207,Miami-Dade,12086001207
72547,2824,12,086,001208,Miami-Dade,12086001208
43701,3448,12,086,001209,Miami-Dade,12086001209
54716,4753,12,086,001301,Miami-Dade,12086001301
72127,6024,12,086,001302,Miami-Dade,12086001302
25102,6133,12,086,001401,Miami-Dade,12086001401
31745,5175,12,086,001402,Miami-Dade,12086001402
40854,2846,12,086,001501,Miami-Dade,12086001501
30917,4418,12,086,001502,Miami-Dade,12086001502
55491,2918,12,086,001603,Miami-Dade,12086001603
29934,3833,12,086,001605,Miami-Dade,12086001605
42222,4407,12,086,001606,Miami-Dade,12086001606
79479,3003,12,086,001607,Miami-Dade,12086001607
43795,2968,12,086,001608,Miami-Dade,12086001608
37681,4719,12,086,001701,Miami-Dade,12086001701
40681,3648,12,086,001702,Miami-Dade,12086001702
39696,2179,12,086,001704,Miami-Dade,12086001704
33947,1833,12,086,001705,Miami-Dade,12086001705
45250,5374,12,086,001801,Miami-Dade,12086001801
37790,4457,12,086,001802,Miami-Dade,12086001802
19570,3408,12,086,001803,Miami-Dade,12086001803
23576,4448,12,086,001901,Miami-Dade,12086001901
34432,3624,12,086,001903,Miami-Dade,12086001903
28942,4071,12,086,001904,Miami-Dade,12086001904
23329,3887,12,086,002001,Miami-Dade,12086002001
22969,3136,12,086,002003,Miami-Dade,12086002003
27480,3428,12,086,002004,Miami-Dade,12086002004
87461,3104,12,086,002100,Miami-Dade,12086002100
58542,2995,12,086,002201,Miami-Dade,12086002201
47222,5332,12,086,002202,Miami-Dade,12086002202
44343,5881,12,086,002300,Miami-Dade,12086002300
39047,6092,12,086,002402,Miami-Dade,12086002402
46012,4395,12,086,002403,Miami-Dade,12086002403
22877,6055,12,086,002404,Miami-Dade,12086002404
34270,6353,12,086,002501,Miami-Dade,12086002501
39444,3396,12,086,002502,Miami-Dade,12086002502
70764,6782,12,086,002600,Miami-Dade,12086002600
64336,5228,12,086,002702,Miami-Dade,12086002702
68848,4638,12,086,002705,Miami-Dade,12086002705
82467,2100,12,086,002707,Miami-Dade,12086002707
70443,2636,12,086,002708,Miami-Dade,12086002708
120774,4070,12,086,002709,Miami-Dade,12086002709
113082,1826,12,086,002710,Miami-Dade,12086002710
29766,1071,12,086,002800,Miami-Dade,12086002800
37054,5672,12,086,002900,Miami-Dade,12086002900
20515,2944,12,086,003001,Miami-Dade,12086003001
25055,5639,12,086,003004,Miami-Dade,12086003004
33856,1379,12,086,003005,Miami-Dade,12086003005
30592,4405,12,086,003006,Miami-Dade,12086003006
31311,5896,12,086,003100,Miami-Dade,12086003100
33450,3349,12,086,003400,Miami-Dade,12086003400
41056,1676,12,086,003603,Miami-Dade,12086003603
60281,2847,12,086,003604,Miami-Dade,12086003604
27610,2773,12,086,003605,Miami-Dade,12086003605
17205,2012,12,086,003606,Miami-Dade,12086003606
27565,1942,12,086,003607,Miami-Dade,12086003607
119111,3067,12,086,003703,Miami-Dade,12086003703
71250,1475,12,086,003704,Miami-Dade,12086003704
94600,1746,12,086,003705,Miami-Dade,12086003705
57885,1491,12,086,003706,Miami-Dade,12086003706
112000,1694,12,086,003707,Miami-Dade,12086003707
96481,1094,12,086,003708,Miami-Dade,12086003708
57007,1402,12,086,003709,Miami-Dade,12086003709
100360,6857,12,086,003710,Miami-Dade,12086003710
73200,5897,12,086,003801,Miami-Dade,12086003801
86172,3035,12,086,003803,Miami-Dade,12086003803
73160,5625,12,086,003804,Miami-Dade,12086003804
210469,2704,12,086,003906,Miami-Dade,12086003906
42667,1508,12,086,003909,Miami-Dade,12086003909
46458,4571,12,086,003911,Miami-Dade,12086003911
51085,4131,12,086,003912,Miami-Dade,12086003912
47222,3253,12,086,003913,Miami-Dade,12086003913
52083,3664,12,086,003914,Miami-Dade,12086003914
64063,5157,12,086,003915,Miami-Dade,12086003915
65713,4176,12,086,003916,Miami-Dade,12086003916
71379,5246,12,086,003917,Miami-Dade,12086003917
83375,2778,12,086,003918,Miami-Dade,12086003918
111583,2536,12,086,003919,Miami-Dade,12086003919
105174,3111,12,086,003921,Miami-Dade,12086003921
95278,2355,12,086,003922,Miami-Dade,12086003922
124504,4553,12,086,004000,Miami-Dade,12086004000
181875,2473,12,086,004102,Miami-Dade,12086004102
42238,2196,12,086,004103,Miami-Dade,12086004103
68125,2590,12,086,004105,Miami-Dade,12086004105
160664,2685,12,086,004106,Miami-Dade,12086004106
45182,2284,12,086,004204,Miami-Dade,12086004204
52104,2012,12,086,004205,Miami-Dade,12086004205
67593,1909,12,086,004206,Miami-Dade,12086004206
56393,2141,12,086,004207,Miami-Dade,12086004207
51917,1071,12,086,004208,Miami-Dade,12086004208
78526,2287,12,086,004301,Miami-Dade,12086004301
54022,2541,12,086,004303,Miami-Dade,12086004303
69659,2069,12,086,004304,Miami-Dade,12086004304
49665,2977,12,086,004403,Miami-Dade,12086004403
26224,2127,12,086,004404,Miami-Dade,12086004404
47450,3427,12,086,004405,Miami-Dade,12086004405
68636,2417,12,086,004406,Miami-Dade,12086004406
69983,4156,12,086,004500,Miami-Dade,12086004500
239853,4698,12,086,004602,Miami-Dade,12086004602
168646,3674,12,086,004605,Miami-Dade,12086004605
166250,4336,12,086,004607,Miami-Dade,12086004607
101563,1931,12,086,004608,Miami-Dade,12086004608
88324,4933,12,086,004701,Miami-Dade,12086004701
85703,5275,12,086,004703,Miami-Dade,12086004703
75455,2419,12,086,004704,Miami-Dade,12086004704
101106,3521,12,086,004705,Miami-Dade,12086004705
51385,3346,12,086,004901,Miami-Dade,12086004901
43428,3158,12,086,004903,Miami-Dade,12086004903
62551,2302,12,086,004904,Miami-Dade,12086004904
55142,4619,12,086,005002,Miami-Dade,12086005002
60975,3737,12,086,005003,Miami-Dade,12086005003
44643,3908,12,086,005004,Miami-Dade,12086005004
33324,5055,12,086,005102,Miami-Dade,12086005102
45023,2574,12,086,005103,Miami-Dade,12086005103
31440,4386,12,086,005104,Miami-Dade,12086005104
36535,5426,12,086,005201,Miami-Dade,12086005201
38322,6476,12,086,005202,Miami-Dade,12086005202
41177,3360,12,086,005303,Miami-Dade,12086005303
30114,4336,12,086,005304,Miami-Dade,12086005304
30667,3898,12,086,005305,Miami-Dade,12086005305
24507,4745,12,086,005306,Miami-Dade,12086005306
52639,1699,12,086,005403,Miami-Dade,12086005403
47536,3940,12,086,005405,Miami-Dade,12086005405
-666666666,3392,12,086,005406,Miami-Dade,12086005406
40328,2559,12,086,005407,Miami-Dade,12086005407
22891,3768,12,086,005409,Miami-Dade,12086005409
26328,2929,12,086,005410,Miami-Dade,12086005410
50869,3658,12,086,005503,Miami-Dade,12086005503
59701,2400,12,086,005504,Miami-Dade,12086005504
37317,2322,12,086,005505,Miami-Dade,12086005505
39821,3358,12,086,005506,Miami-Dade,12086005506
56632,4590,12,086,005600,Miami-Dade,12086005600
55433,6546,12,086,005701,Miami-Dade,12086005701
38457,2970,12,086,005705,Miami-Dade,12086005705
60543,3785,12,086,005706,Miami-Dade,12086005706
37378,1562,12,086,005707,Miami-Dade,12086005707
37176,6103,12,086,005708,Miami-Dade,12086005708
57390,6577,12,086,005803,Miami-Dade,12086005803
53943,3916,12,086,005804,Miami-Dade,12086005804
66531,2426,12,086,005805,Miami-Dade,12086005805
72738,4558,12,086,005806,Miami-Dade,12086005806
75399,5140,12,086,005901,Miami-Dade,12086005901
47404,3324,12,086,005902,Miami-Dade,12086005902
52685,5909,12,086,005903,Miami-Dade,12086005903
59850,5618,12,086,005904,Miami-Dade,12086005904
74613,6437,12,086,006002,Miami-Dade,12086006002
139563,2894,12,086,006003,Miami-Dade,12086006003
128636,2379,12,086,006004,Miami-Dade,12086006004
195566,2014,12,086,006103,Miami-Dade,12086006103
150875,3889,12,086,006104,Miami-Dade,12086006104
134205,2202,12,086,006105,Miami-Dade,12086006105
140875,2460,12,086,006106,Miami-Dade,12086006106
50417,2914,12,086,006201,Miami-Dade,12086006201
88529,2617,12,086,006203,Miami-Dade,12086006203
66394,3648,12,086,006205,Miami-Dade,12086006205
108106,3896,12,086,006206,Miami-Dade,12086006206
70571,5606,12,086,006302,Miami-Dade,12086006302
33644,3421,12,086,006303,Miami-Dade,12086006303
44286,2906,12,086,006304,Miami-Dade,12086006304
40477,3638,12,086,006401,Miami-Dade,12086006401
51739,3952,12,086,006402,Miami-Dade,12086006402
34079,3228,12,086,006403,Miami-Dade,12086006403
68632,3973,12,086,006501,Miami-Dade,12086006501
85870,2147,12,086,006503,Miami-Dade,12086006503
89922,2003,12,086,006504,Miami-Dade,12086006504
33477,2605,12,086,006603,Miami-Dade,12086006603
57816,1989,12,086,006604,Miami-Dade,12086006604
112039,1639,12,086,006605,Miami-Dade,12086006605
-666666666,1289,12,086,006606,Miami-Dade,12086006606
78113,3871,12,086,006607,Miami-Dade,12086006607
99191,3786,12,086,006608,Miami-Dade,12086006608
103889,4035,12,086,006705,Miami-Dade,12086006705
76414,3055,12,086,006706,Miami-Dade,12086006706
142014,3962,12,086,006707,Miami-Dade,12086006707
159219,1569,12,086,006709,Miami-Dade,12086006709
148068,2157,12,086,006713,Miami-Dade,12086006713
127298,2051,12,086,006714,Miami-Dade,12086006714
98740,3904,12,086,006715,Miami-Dade,12086006715
-666666666,737,12,086,006716,Miami-Dade,12086006716
173112,2187,12,086,006717,Miami-Dade,12086006717
200292,2341,12,086,006718,Miami-Dade,12086006718
102039,2028,12,086,006719,Miami-Dade,12086006719
136406,2368,12,086,006720,Miami-Dade,12086006720
114595,2657,12,086,006721,Miami-Dade,12086006721
93387,1777,12,086,006722,Miami-Dade,12086006722
139659,2893,12,086,006801,Miami-Dade,12086006801
181728,3661,12,086,006802,Miami-Dade,12086006802
78039,3201,12,086,006901,Miami-Dade,12086006901
58500,2742,12,086,006902,Miami-Dade,12086006902
57829,4551,12,086,007003,Miami-Dade,12086007003
68516,4852,12,086,007004,Miami-Dade,12086007004
43512,1804,12,086,007005,Miami-Dade,12086007005
53333,3298,12,086,007006,Miami-Dade,12086007006
60291,2266,12,086,007007,Miami-Dade,12086007007
56600,2771,12,086,007101,Miami-Dade,12086007101
108750,2079,12,086,007103,Miami-Dade,12086007103
158750,3163,12,086,007104,Miami-Dade,12086007104
57143,2612,12,086,007200,Miami-Dade,12086007200
250001,4338,12,086,007300,Miami-Dade,12086007300
229375,1334,12,086,007401,Miami-Dade,12086007401
126518,2740,12,086,007402,Miami-Dade,12086007402
124773,3118,12,086,007403,Miami-Dade,12086007403
220804,2436,12,086,007501,Miami-Dade,12086007501
72000,766,12,086,007503,Miami-Dade,12086007503
112250,2497,12,086,007601,Miami-Dade,12086007601
35583,3601,12,086,007603,Miami-Dade,12086007603
77826,3225,12,086,007605,Miami-Dade,12086007605
94500,2124,12,086,007607,Miami-Dade,12086007607
118015,2239,12,086,007608,Miami-Dade,12086007608
69076,1557,12,086,007609,Miami-Dade,12086007609
99296,4745,12,086,007610,Miami-Dade,12086007610
67704,5734,12,086,007704,Miami-Dade,12086007704
59652,5120,12,086,007705,Miami-Dade,12086007705
140211,3065,12,086,007706,Miami-Dade,12086007706
146396,3364,12,086,007707,Miami-Dade,12086007707
70750,2460,12,086,007708,Miami-Dade,12086007708
133060,2821,12,086,007709,Miami-Dade,12086007709
250001,682,12,086,007801,Miami-Dade,12086007801
143088,4515,12,086,007805,Miami-Dade,12086007805
250001,3715,12,086,007806,Miami-Dade,12086007806
158984,5231,12,086,007807,Miami-Dade,12086007807
46847,4187,12,086,007808,Miami-Dade,12086007808
78648,3649,12,086,007809,Miami-Dade,12086007809
125306,3977,12,086,007901,Miami-Dade,12086007901
179083,2984,12,086,007902,Miami-Dade,12086007902
176778,4805,12,086,008000,Miami-Dade,12086008000
250001,3461,12,086,008101,Miami-Dade,12086008101
168409,4652,12,086,008102,Miami-Dade,12086008102
148125,4610,12,086,008202,Miami-Dade,12086008202
185559,4452,12,086,008205,Miami-Dade,12086008205
97016,3851,12,086,008206,Miami-Dade,12086008206
232188,4940,12,086,008207,Miami-Dade,12086008207
76419,4708,12,086,008208,Miami-Dade,12086008208
174130,4033,12,086,008209,Miami-Dade,12086008209
107692,5276,12,086,008305,Miami-Dade,12086008305
71405,5639,12,086,008308,Miami-Dade,12086008308
43510,4958,12,086,008309,Miami-Dade,12086008309
75353,4426,12,086,008310,Miami-Dade,12086008310
90417,4567,12,086,008311,Miami-Dade,12086008311
62945,3821,12,086,008312,Miami-Dade,12086008312
59246,5595,12,086,008313,Miami-Dade,12086008313
79698,2833,12,086,008314,Miami-Dade,12086008314
89688,4950,12,086,008315,Miami-Dade,12086008315
73750,5174,12,086,008409,Miami-Dade,12086008409
194643,4695,12,086,008415,Miami-Dade,12086008415
60903,3062,12,086,008416,Miami-Dade,12086008416
82097,2854,12,086,008418,Miami-Dade,12086008418
69023,5640,12,086,008419,Miami-Dade,12086008419
101472,1240,12,086,008420,Miami-Dade,12086008420
160599,4593,12,086,008421,Miami-Dade,12086008421
113281,2421,12,086,008422,Miami-Dade,12086008422
95286,5011,12,086,008423,Miami-Dade,12086008423
32246,3374,12,086,008424,Miami-Dade,12086008424
58393,2110,12,086,008425,Miami-Dade,12086008425
142108,3701,12,086,008426,Miami-Dade,12086008426
104554,1864,12,086,008427,Miami-Dade,12086008427
135278,2535,12,086,008428,Miami-Dade,12086008428
152407,4485,12,086,008429,Miami-Dade,12086008429
47631,5297,12,086,008430,Miami-Dade,12086008430
46250,2411,12,086,008431,Miami-Dade,12086008431
116250,4252,12,086,008502,Miami-Dade,12086008502
59750,3396,12,086,008503,Miami-Dade,12086008503
84817,2863,12,086,008504,Miami-Dade,12086008504
104183,4595,12,086,008601,Miami-Dade,12086008601
108958,4070,12,086,008603,Miami-Dade,12086008603
102447,1292,12,086,008604,Miami-Dade,12086008604
87750,5685,12,086,008702,Miami-Dade,12086008702
80417,2198,12,086,008703,Miami-Dade,12086008703
68854,2842,12,086,008704,Miami-Dade,12086008704
41532,3836,12,086,008805,Miami-Dade,12086008805
80364,4520,12,086,008806,Miami-Dade,12086008806
103133,4363,12,086,008807,Miami-Dade,12086008807
67781,3350,12,086,008808,Miami-Dade,12086008808
102382,2092,12,086,008809,Miami-Dade,12086008809
75109,4447,12,086,008810,Miami-Dade,12086008810
-666666666,3538,12,086,008904,Miami-Dade,12086008904
59615,4714,12,086,008906,Miami-Dade,12086008906
44065,4254,12,086,008907,Miami-Dade,12086008907
81581,3512,12,086,008908,Miami-Dade,12086008908
62330,3705,12,086,008909,Miami-Dade,12086008909
63368,3080,12,086,008910,Miami-Dade,12086008910
97906,3073,12,086,008911,Miami-Dade,12086008911
89028,7265,12,086,009010,Miami-Dade,12086009010
84464,4268,12,086,009014,Miami-Dade,12086009014
47553,5520,12,086,009015,Miami-Dade,12086009015
39635,3075,12,086,009020,Miami-Dade,12086009020
50823,4273,12,086,009021,Miami-Dade,12086009021
63107,2507,12,086,009022,Miami-Dade,12086009022
78800,5404,12,086,009024,Miami-Dade,12086009024
45900,2119,12,086,009026,Miami-Dade,12086009026
61713,3834,12,086,009027,Miami-Dade,12086009027
68893,5775,12,086,009028,Miami-Dade,12086009028
71413,4234,12,086,009029,Miami-Dade,12086009029
54075,4914,12,086,009030,Miami-Dade,12086009030
56450,4147,12,086,009031,Miami-Dade,12086009031
69911,7753,12,086,009039,Miami-Dade,12086009039
76957,7395,12,086,009040,Miami-Dade,12086009040
92188,5001,12,086,009043,Miami-Dade,12086009043
75208,3304,12,086,009044,Miami-Dade,12086009044
119597,3161,12,086,009048,Miami-Dade,12086009048
90123,4342,12,086,009049,Miami-Dade,12086009049
76913,5762,12,086,009050,Miami-Dade,12086009050
96400,1992,12,086,009051,Miami-Dade,12086009051
38048,3708,12,086,009052,Miami-Dade,12086009052
80287,4609,12,086,009053,Miami-Dade,12086009053
91364,1932,12,086,009054,Miami-Dade,12086009054
67344,2098,12,086,009055,Miami-Dade,12086009055
90724,2724,12,086,009056,Miami-Dade,12086009056
86667,6165,12,086,009057,Miami-Dade,12086009057
67674,3969,12,086,009058,Miami-Dade,12086009058
74511,2958,12,086,009059,Miami-Dade,12086009059
113846,4902,12,086,009060,Miami-Dade,12086009060
46250,3312,12,086,009061,Miami-Dade,12086009061
71541,3211,12,086,009062,Miami-Dade,12086009062
50046,2816,12,086,009063,Miami-Dade,12086009063
63347,2672,12,086,009064,Miami-Dade,12086009064
79278,3463,12,086,009065,Miami-Dade,12086009065
68562,6923,12,086,009066,Miami-Dade,12086009066
52703,3085,12,086,009101,Miami-Dade,12086009101
41714,3443,12,086,009102,Miami-Dade,12086009102
72241,3337,12,086,009200,Miami-Dade,12086009200
112578,5030,12,086,009305,Miami-Dade,12086009305
74556,5434,12,086,009312,Miami-Dade,12086009312
33059,3827,12,086,009314,Miami-Dade,12086009314
34478,3197,12,086,009315,Miami-Dade,12086009315
72647,2556,12,086,009316,Miami-Dade,12086009316
54796,4671,12,086,009317,Miami-Dade,12086009317
54183,1788,12,086,009318,Miami-Dade,12086009318
92843,4539,12,086,009319,Miami-Dade,12086009319
51913,4562,12,086,009320,Miami-Dade,12086009320
79394,2378,12,086,009321,Miami-Dade,12086009321
29232,4266,12,086,009322,Miami-Dade,12086009322
71250,2778,12,086,009323,Miami-Dade,12086009323
47148,4237,12,086,009324,Miami-Dade,12086009324
64931,2433,12,086,009325,Miami-Dade,12086009325
25189,3021,12,086,009326,Miami-Dade,12086009326
78192,3569,12,086,009327,Miami-Dade,12086009327
69313,2511,12,086,009401,Miami-Dade,12086009401
66130,3423,12,086,009402,Miami-Dade,12086009402
79940,4967,12,086,009503,Miami-Dade,12086009503
77230,5072,12,086,009504,Miami-Dade,12086009504
56563,1229,12,086,009505,Miami-Dade,12086009505
46929,4387,12,086,009506,Miami-Dade,12086009506
72202,3437,12,086,009601,Miami-Dade,12086009601
40526,3581,12,086,009602,Miami-Dade,12086009602
125433,2755,12,086,009703,Miami-Dade,12086009703
89577,5153,12,086,009704,Miami-Dade,12086009704
40788,4292,12,086,009705,Miami-Dade,12086009705
49467,3542,12,086,009706,Miami-Dade,12086009706
76711,7583,12,086,009803,Miami-Dade,12086009803
92958,3575,12,086,009804,Miami-Dade,12086009804
40839,3537,12,086,009806,Miami-Dade,12086009806
71970,3854,12,086,009809,Miami-Dade,12086009809
72457,3850,12,086,009810,Miami-Dade,12086009810
32783,1446,12,086,009811,Miami-Dade,12086009811
66275,5577,12,086,009812,Miami-Dade,12086009812
66510,5342,12,086,009903,Miami-Dade,12086009903
43344,3964,12,086,009904,Miami-Dade,12086009904
70461,5664,12,086,009905,Miami-Dade,12086009905
68848,5729,12,086,009906,Miami-Dade,12086009906
109000,4120,12,086,009907,Miami-Dade,12086009907
44583,4557,12,086,009908,Miami-Dade,12086009908
58488,2823,12,086,009909,Miami-Dade,12086009909
47023,3411,12,086,010010,Miami-Dade,12086010010
69709,6646,12,086,010012,Miami-Dade,12086010012
68622,4146,12,086,010013,Miami-Dade,12086010013
42063,3285,12,086,010015,Miami-Dade,12086010015
63071,4564,12,086,010016,Miami-Dade,12086010016
63967,3617,12,086,010017,Miami-Dade,12086010017
53875,2699,12,086,010018,Miami-Dade,12086010018
45921,2776,12,086,010019,Miami-Dade,12086010019
54494,3905,12,086,010020,Miami-Dade,12086010020
57044,4412,12,086,010021,Miami-Dade,12086010021
-666666666,3189,12,086,010022,Miami-Dade,12086010022
34493,1989,12,086,010023,Miami-Dade,12086010023
32477,4480,12,086,010024,Miami-Dade,12086010024
64617,4034,12,086,010025,Miami-Dade,12086010025
36322,2294,12,086,010026,Miami-Dade,12086010026
110667,5191,12,086,010193,Miami-Dade,12086010193
136588,3995,12,086,010198,Miami-Dade,12086010198
106364,4115,12,086,010201,Miami-Dade,12086010201
56581,4440,12,086,010205,Miami-Dade,12086010205
28225,4106,12,086,010207,Miami-Dade,12086010207
54549,4548,12,086,010208,Miami-Dade,12086010208
78176,6135,12,086,010209,Miami-Dade,12086010209
63281,4169,12,086,010211,Miami-Dade,12086010211
135846,3115,12,086,010212,Miami-Dade,12086010212
42176,4222,12,086,010213,Miami-Dade,12086010213
49750,1584,12,086,010214,Miami-Dade,12086010214
97596,3073,12,086,010301,Miami-Dade,12086010301
93772,2966,12,086,010302,Miami-Dade,12086010302
83579,3609,12,086,010303,Miami-Dade,12086010303
77542,5568,12,086,010400,Miami-Dade,12086010400
40904,5391,12,086,010501,Miami-Dade,12086010501
98056,9956,12,086,010502,Miami-Dade,12086010502
98819,4471,12,086,010604,Miami-Dade,12086010604
72975,5837,12,086,010608,Miami-Dade,12086010608
37824,5864,12,086,010609,Miami-Dade,12086010609
89777,4261,12,086,010610,Miami-Dade,12086010610
57250,5574,12,086,010613,Miami-Dade,12086010613
90729,4203,12,086,010618,Miami-Dade,12086010618
74868,2458,12,086,010619,Miami-Dade,12086010619
101611,2973,12,086,010620,Miami-Dade,12086010620
76845,4750,12,086,010621,Miami-Dade,12086010621
62238,4432,12,086,010622,Miami-Dade,12086010622
67542,3516,12,086,010623,Miami-Dade,12086010623
77455,3056,12,086,010624,Miami-Dade,12086010624
95066,5580,12,086,010625,Miami-Dade,12086010625
62083,3924,12,086,010626,Miami-Dade,12086010626
59936,4795,12,086,010705,Miami-Dade,12086010705
59554,3334,12,086,010706,Miami-Dade,12086010706
56050,3912,12,086,010707,Miami-Dade,12086010707
60975,5414,12,086,010708,Miami-Dade,12086010708
79965,5601,12,086,010709,Miami-Dade,12086010709
75748,6826,12,086,010710,Miami-Dade,12086010710
36974,3131,12,086,010803,Miami-Dade,12086010803
55885,7232,12,086,010804,Miami-Dade,12086010804
33799,5535,12,086,010805,Miami-Dade,12086010805
44846,4726,12,086,010806,Miami-Dade,12086010806
35525,6894,12,086,010900,Miami-Dade,12086010900
70313,4591,12,086,011003,Miami-Dade,12086011003
79417,4802,12,086,011008,Miami-Dade,12086011008
71875,6932,12,086,011009,Miami-Dade,12086011009
37235,5228,12,086,011010,Miami-Dade,12086011010
45189,4059,12,086,011011,Miami-Dade,12086011011
50417,2268,12,086,011012,Miami-Dade,12086011012
66597,3716,12,086,011013,Miami-Dade,12086011013
87917,4569,12,086,011014,Miami-Dade,12086011014
100556,10301,12,086,011015,Miami-Dade,12086011015
39347,3106,12,086,011103,Miami-Dade,12086011103
24700,5483,12,086,011104,Miami-Dade,12086011104
138750,4116,12,086,011105,Miami-Dade,12086011105
76846,4194,12,086,011106,Miami-Dade,12086011106
30462,7174,12,086,011203,Miami-Dade,12086011203
94107,1984,12,086,011204,Miami-Dade,12086011204
49637,3882,12,086,011205,Miami-Dade,12086011205
96295,3150,12,086,011206,Miami-Dade,12086011206
19583,4005,12,086,011301,Miami-Dade,12086011301
27877,6696,12,086,011302,Miami-Dade,12086011302
48168,3585,12,086,011405,Miami-Dade,12086011405
51699,3063,12,086,011406,Miami-Dade,12086011406
51369,3944,12,086,011407,Miami-Dade,12086011407
36034,5405,12,086,011408,Miami-Dade,12086011408
52530,6187,12,086,011409,Miami-Dade,12086011409
87248,3881,12,086,011410,Miami-Dade,12086011410
66330,2530,12,086,011411,Miami-Dade,12086011411
61290,7618,12,086,011412,Miami-Dade,12086011412
101452,5644,12,086,011500,Miami-Dade,12086011500
93221,3734,12,086,011601,Miami-Dade,12086011601
83092,4022,12,086,011602,Miami-Dade,12086011602
80667,1781,12,086,011701,Miami-Dade,12086011701
43763,4645,12,086,011702,Miami-Dade,12086011702
81587,3521,12,086,011800,Miami-Dade,12086011800
82147,5785,12,086,011900,Miami-Dade,12086011900
44101,3074,12,086,012001,Miami-Dade,12086012001
42540,5660,12,086,012002,Miami-Dade,12086012002
71181,2987,12,086,012101,Miami-Dade,12086012101
67917,4986,12,086,012102,Miami-Dade,12086012102
75687,3602,12,086,012103,Miami-Dade,12086012103
45636,2331,12,086,012104,Miami-Dade,12086012104
72259,3059,12,086,012105,Miami-Dade,12086012105
92714,5303,12,086,012200,Miami-Dade,12086012200
68673,2608,12,086,012301,Miami-Dade,12086012301
79694,4256,12,086,012302,Miami-Dade,12086012302
93340,5375,12,086,012401,Miami-Dade,12086012401
152548,3475,12,086,012402,Miami-Dade,12086012402
120811,1725,12,086,012403,Miami-Dade,12086012403
115919,1851,12,086,012501,Miami-Dade,12086012501
74154,4602,12,086,012502,Miami-Dade,12086012502
68101,3102,12,086,012601,Miami-Dade,12086012601
95353,3828,12,086,012602,Miami-Dade,12086012602
121250,11186,12,086,012701,Miami-Dade,12086012701
107644,4164,12,086,012702,Miami-Dade,12086012702
84333,4067,12,086,012801,Miami-Dade,12086012801
101563,3321,12,086,012802,Miami-Dade,12086012802
58313,4208,12,086,012900,Miami-Dade,12086012900
66063,4348,12,086,013000,Miami-Dade,12086013000
57068,5346,12,086,013100,Miami-Dade,12086013100
77121,2362,12,086,013201,Miami-Dade,12086013201
99583,3499,12,086,013202,Miami-Dade,12086013202
63938,2754,12,086,013301,Miami-Dade,12086013301
61979,3166,12,086,013302,Miami-Dade,12086013302
38367,5032,12,086,013400,Miami-Dade,12086013400
39831,5434,12,086,013500,Miami-Dade,12086013500
44688,5857,12,086,013600,Miami-Dade,12086013600
41081,6199,12,086,013700,Miami-Dade,12086013700
49483,2096,12,086,013801,Miami-Dade,12086013801
-666666666,4961,12,086,013802,Miami-Dade,12086013802
60066,4278,12,086,013900,Miami-Dade,12086013900
160333,1876,12,086,014100,Miami-Dade,12086014100
116591,4521,12,086,014200,Miami-Dade,12086014200
88750,3289,12,086,014300,Miami-Dade,12086014300
77276,4873,12,086,014400,Miami-Dade,12086014400
90293,4350,12,086,014500,Miami-Dade,12086014500
41646,3136,12,086,014601,Miami-Dade,12086014601
49970,4143,12,086,014602,Miami-Dade,12086014602
54940,2092,12,086,014701,Miami-Dade,12086014701
70423,3907,12,086,014702,Miami-Dade,12086014702
45930,5867,12,086,014800,Miami-Dade,12086014800
81389,5386,12,086,014900,Miami-Dade,12086014900
72313,5002,12,086,015001,Miami-Dade,12086015001
96953,4922,12,086,015002,Miami-Dade,12086015002
126213,4619,12,086,015101,Miami-Dade,12086015101
104647,2940,12,086,015102,Miami-Dade,12086015102
166250,3790,12,086,015103,Miami-Dade,12086015103
103846,3121,12,086,015201,Miami-Dade,12086015201
85625,4201,12,086,015202,Miami-Dade,12086015202
110500,6643,12,086,015300,Miami-Dade,12086015300
84697,5666,12,086,015400,Miami-Dade,12086015400
46964,2684,12,086,015501,Miami-Dade,12086015501
86250,2937,12,086,015502,Miami-Dade,12086015502
77596,4624,12,086,015600,Miami-Dade,12086015600
114191,2221,12,086,015700,Miami-Dade,12086015700
62634,4896,12,086,015800,Miami-Dade,12086015800
68207,3153,12,086,015900,Miami-Dade,12086015900
70508,4331,12,086,016000,Miami-Dade,12086016000
96786,4245,12,086,016100,Miami-Dade,12086016100
80966,3012,12,086,016200,Miami-Dade,12086016200
97566,4622,12,086,016300,Miami-Dade,12086016300
145938,4652,12,086,016401,Miami-Dade,12086016401
96375,2390,12,086,016402,Miami-Dade,12086016402
104229,3522,12,086,016501,Miami-Dade,12086016501
137917,5417,12,086,016502,Miami-Dade,12086016502
69290,3652,12,086,016600,Miami-Dade,12086016600
90083,4539,12,086,016700,Miami-Dade,12086016700
56304,3796,12,086,016800,Miami-Dade,12086016800
60114,4558,12,086,016900,Miami-Dade,12086016900
56865,4768,12,086,017000,Miami-Dade,12086017000
53325,3747,12,086,017101,Miami-Dade,12086017101
98155,2799,12,086,017102,Miami-Dade,12086017102
78828,3732,12,086,017200,Miami-Dade,12086017200
41078,4014,12,086,017300,Miami-Dade,12086017300
63783,1510,12,086,017401,Miami-Dade,12086017401
78413,4891,12,086,017402,Miami-Dade,12086017402
40481,3592,12,086,017500,Miami-Dade,12086017500
55262,6789,12,086,017600,Miami-Dade,12086017600
64571,4602,12,086,017700,Miami-Dade,12086017700
53992,5907,12,086,017800,Miami-Dade,12086017800
103750,3958,12,086,017901,Miami-Dade,12086017901
116651,4669,12,086,017902,Miami-Dade,12086017902
112345,1529,12,086,018001,Miami-Dade,12086018001
109412,2602,12,086,018002,Miami-Dade,12086018002
86869,8306,12,086,018003,Miami-Dade,12086018003
51917,4814,12,086,018100,Miami-Dade,12086018100
81471,2815,12,086,018200,Miami-Dade,12086018200
72857,4367,12,086,018300,Miami-Dade,12086018300
57118,3754,12,086,018400,Miami-Dade,12086018400
71458,4824,12,086,018500,Miami-Dade,12086018500
76250,4418,12,086,018601,Miami-Dade,12086018601
77597,3864,12,086,018602,Miami-Dade,12086018602
80338,4391,12,086,018700,Miami-Dade,12086018700
118750,2729,12,086,018801,Miami-Dade,12086018801
61653,2654,12,086,018802,Miami-Dade,12086018802
78929,3654,12,086,018803,Miami-Dade,12086018803
100142,3091,12,086,018901,Miami-Dade,12086018901
93229,3357,12,086,018902,Miami-Dade,12086018902
78585,5686,12,086,019000,Miami-Dade,12086019000
61382,5364,12,086,019100,Miami-Dade,12086019100
82361,5210,12,086,019200,Miami-Dade,12086019200
79448,2955,12,086,019301,Miami-Dade,12086019301
79766,5024,12,086,019302,Miami-Dade,12086019302
108074,2693,12,086,019401,Miami-Dade,12086019401
85476,5924,12,086,019402,Miami-Dade,12086019402
91442,3769,12,086,019501,Miami-Dade,12086019501
91383,4526,12,086,019502,Miami-Dade,12086019502
126688,6530,12,086,019600,Miami-Dade,12086019600
91382,4060,12,086,019700,Miami-Dade,12086019700
104338,5450,12,086,019801,Miami-Dade,12086019801
139400,5021,12,086,019802,Miami-Dade,12086019802
57467,4093,12,086,019901,Miami-Dade,12086019901
73760,7053,12,086,019902,Miami-Dade,12086019902
74397,2320,12,086,020001,Miami-Dade,12086020001
112188,5269,12,086,020002,Miami-Dade,12086020002
77788,4465,12,086,020100,Miami-Dade,12086020100
54883,5754,12,086,020200,Miami-Dade,12086020200
80458,3331,12,086,020300,Miami-Dade,12086020300
63889,1373,12,086,490100,Miami-Dade,12086490100
-666666666,0,12,086,980100,Miami-Dade,12086980100
-666666666,0,12,086,980200,Miami-Dade,12086980200
-666666666,6016,12,086,980300,Miami-Dade,12086980300
-666666666,0,12,086,980400,Miami-Dade,12086980400
73375,411,12,086,980500,Miami-Dade,12086980500
-666666666,0,12,086,980600,Miami-Dade,12086980600
-666666666,1242,12,086,980700,Miami-Dade,12086980700
-666666666,0,12,086,980800,Miami-Dade,12086980800
-666666666,0,12,086,980900,Miami-Dade,12086980900
-666666666,0,12,086,981000,Miami-Dade,12086981000
51250,244,12,086,981100,Miami-Dade,12086981100
-666666666,0,12,086,981200,Miami-Dade,12086981200
-666666666,1884,12,086,981300,Miami-Dade,12086981300
-666666666,0,12,086,990000,Miami-Dade,12086990000
100833,2842,12,011,010102,Broward,12011010102
79574,3416,12,011,010103,Broward,12011010103
56509,2096,12,011,010104,Broward,12011010104
72776,3074,12,011,010201,Broward,12011010201
54107,3581,12,011,010202,Broward,12011010202
38750,3931,12,011,010304,Broward,12011010304
33887,5893,12,011,010305,Broward,12011010305
48235,2671,12,011,010306,Broward,12011010306
45407,5460,12,011,010307,Broward,12011010307
73188,5050,12,011,010308,Broward,12011010308
100825,5358,12,011,010401,Broward,12011010401
51131,3957,12,011,010402,Broward,12011010402
29063,4607,12,011,010403,Broward,12011010403
61162,8585,12,011,010405,Broward,12011010405
79525,4951,12,011,010406,Broward,12011010406
45442,5898,12,011,010407,Broward,12011010407
101136,2954,12,011,010502,Broward,12011010502
217909,23706,12,011,010503,Broward,12011010503
116271,5141,12,011,010504,Broward,12011010504
142264,8288,12,011,010601,Broward,12011010601
129013,5397,12,011,010603,Broward,12011010603
88854,4086,12,011,010604,Broward,12011010604
158527,7601,12,011,010605,Broward,12011010605
101767,7954,12,011,010606,Broward,12011010606
95491,4852,12,011,010609,Broward,12011010609
61100,7046,12,011,010610,Broward,12011010610
146775,3771,12,011,010611,Broward,12011010611
120526,6815,12,011,010612,Broward,12011010612
98978,2950,12,011,010613,Broward,12011010613
86840,2734,12,011,010614,Broward,12011010614
113292,4732,12,011,010615,Broward,12011010615
56041,5437,12,011,010701,Broward,12011010701
56211,10616,12,011,010702,Broward,12011010702
73214,8751,12,011,010800,Broward,12011010800
80372,2142,12,011,010901,Broward,12011010901
76753,3487,12,011,010902,Broward,12011010902
86250,2225,12,011,011000,Broward,12011011000
59683,8120,12,011,020101,Broward,12011020101
53538,5478,12,011,020103,Broward,12011020103
54909,2739,12,011,020104,Broward,12011020104
68750,6369,12,011,020204,Broward,12011020204
69167,6485,12,011,020205,Broward,12011020205
69417,4791,12,011,020206,Broward,12011020206
49760,2321,12,011,020209,Broward,12011020209
65603,5630,12,011,020210,Broward,12011020210
-666666666,3082,12,011,020211,Broward,12011020211
48055,3948,12,011,020212,Broward,12011020212
48929,3946,12,011,020213,Broward,12011020213
89375,2683,12,011,020214,Broward,12011020214
59935,9445,12,011,020302,Broward,12011020302
55586,6344,12,011,020308,Broward,12011020308
92946,6118,12,011,020309,Broward,12011020309
60938,3416,12,011,020311,Broward,12011020311
85143,5126,12,011,020312,Broward,12011020312
59872,6209,12,011,020313,Broward,12011020313
55125,5853,12,011,020314,Broward,12011020314
97049,5584,12,011,020315,Broward,12011020315
73029,4300,12,011,020316,Broward,12011020316
108472,3260,12,011,020317,Broward,12011020317
139006,9760,12,011,020318,Broward,12011020318
93009,5730,12,011,020319,Broward,12011020319
73787,4820,12,011,020320,Broward,12011020320
103676,2248,12,011,020321,Broward,12011020321
109018,3975,12,011,020322,Broward,12011020322
54750,3826,12,011,020323,Broward,12011020323
58915,7405,12,011,020324,Broward,12011020324
77690,3887,12,011,020325,Broward,12011020325
80383,6073,12,011,020326,Broward,12011020326
75234,8629,12,011,020404,Broward,12011020404
45594,4902,12,011,020405,Broward,12011020405
72728,6784,12,011,020406,Broward,12011020406
61500,8820,12,011,020407,Broward,12011020407
36638,3269,12,011,020412,Broward,12011020412
59243,4803,12,011,020414,Broward,12011020414
73808,3547,12,011,020415,Broward,12011020415
75482,3809,12,011,020416,Broward,12011020416
43060,5527,12,011,020417,Broward,12011020417
86447,3187,12,011,020418,Broward,12011020418
93750,3896,12,011,020419,Broward,12011020419
95750,3265,12,011,020420,Broward,12011020420
70119,4572,12,011,020421,Broward,12011020421
51875,5243,12,011,020501,Broward,12011020501
47826,8360,12,011,020502,Broward,12011020502
91615,3899,12,011,030100,Broward,12011030100
53497,3926,12,011,030201,Broward,12011030201
58750,1540,12,011,030202,Broward,12011030202
67065,4365,12,011,030203,Broward,12011030203
41705,3308,12,011,030301,Broward,12011030301
58821,7225,12,011,030302,Broward,12011030302
74792,3316,12,011,030401,Broward,12011030401
27250,4963,12,011,030402,Broward,12011030402
48184,6645,12,011,030500,Broward,12011030500
41737,4421,12,011,030601,Broward,12011030601
65708,3923,12,011,030602,Broward,12011030602
96103,3501,12,011,030702,Broward,12011030702
47307,4828,12,011,030703,Broward,12011030703
61309,4581,12,011,030704,Broward,12011030704
44250,3406,12,011,030705,Broward,12011030705
38900,5485,12,011,030803,Broward,12011030803
38531,3110,12,011,030804,Broward,12011030804
56875,2155,12,011,030805,Broward,12011030805
56494,4182,12,011,030806,Broward,12011030806
81042,3495,12,011,030902,Broward,12011030902
64500,4052,12,011,030903,Broward,12011030903
87614,3993,12,011,030904,Broward,12011030904
55146,2596,12,011,031001,Broward,12011031001
70165,5122,12,011,031002,Broward,12011031002
78523,2167,12,011,031101,Broward,12011031101
62161,3803,12,011,031102,Broward,12011031102
75911,1310,12,011,031203,Broward,12011031203
62218,2899,12,011,031204,Broward,12011031204
76065,1538,12,011,031205,Broward,12011031205
94967,2836,12,011,031206,Broward,12011031206
103644,3700,12,011,031207,Broward,12011031207
59318,1288,12,011,040101,Broward,12011040101
81875,2536,12,011,040102,Broward,12011040102
75550,1587,12,011,040203,Broward,12011040203
67027,3197,12,011,040204,Broward,12011040204
82964,5279,12,011,040205,Broward,12011040205
87149,3462,12,011,040206,Broward,12011040206
51111,4509,12,011,040300,Broward,12011040300
78618,2372,12,011,040401,Broward,12011040401
120995,2948,12,011,040402,Broward,12011040402
85500,3970,12,011,040502,Broward,12011040502
65125,1432,12,011,040503,Broward,12011040503
98473,1212,12,011,040505,Broward,12011040505
93375,2108,12,011,040506,Broward,12011040506
106728,3392,12,011,040601,Broward,12011040601
91186,3061,12,011,040602,Broward,12011040602
104388,2738,12,011,040701,Broward,12011040701
83047,3960,12,011,040702,Broward,12011040702
64390,4909,12,011,040801,Broward,12011040801
68659,4611,12,011,040802,Broward,12011040802
45423,4491,12,011,040901,Broward,12011040901
57067,4860,12,011,040902,Broward,12011040902
51500,2915,12,011,041000,Broward,12011041000
44785,5306,12,011,041100,Broward,12011041100
41771,5278,12,011,041200,Broward,12011041200
54981,8609,12,011,041300,Broward,12011041300
41149,4258,12,011,041400,Broward,12011041400
23807,4825,12,011,041500,Broward,12011041500
43678,3067,12,011,041601,Broward,12011041601
46566,4297,12,011,041602,Broward,12011041602
44528,4307,12,011,041700,Broward,12011041700
133375,1779,12,011,041801,Broward,12011041801
75580,3532,12,011,041802,Broward,12011041802
120486,3338,12,011,041900,Broward,12011041900
132000,2831,12,011,042000,Broward,12011042000
101023,2580,12,011,042100,Broward,12011042100
122015,2479,12,011,042200,Broward,12011042200
86750,3954,12,011,042301,Broward,12011042301
83462,1494,12,011,042302,Broward,12011042302
250001,1482,12,011,042400,Broward,12011042400
93424,4375,12,011,042501,Broward,12011042501
122758,5815,12,011,042502,Broward,12011042502
92161,2995,12,011,042601,Broward,12011042601
83440,2352,12,011,042602,Broward,12011042602
62794,5460,12,011,042700,Broward,12011042700
44322,4515,12,011,042801,Broward,12011042801
51864,2216,12,011,042802,Broward,12011042802
74107,8802,12,011,042900,Broward,12011042900
141596,1798,12,011,043001,Broward,12011043001
66241,7059,12,011,043002,Broward,12011043002
96932,5266,12,011,043100,Broward,12011043100
109000,4892,12,011,043301,Broward,12011043301
62469,2086,12,011,043302,Broward,12011043302
56830,4381,12,011,050100,Broward,12011050100
58937,5402,12,011,050204,Broward,12011050204
78125,2712,12,011,050205,Broward,12011050205
73500,4817,12,011,050206,Broward,12011050206
58451,6685,12,011,050207,Broward,12011050207
62361,4127,12,011,050208,Broward,12011050208
70652,8547,12,011,050301,Broward,12011050301
56591,6100,12,011,050306,Broward,12011050306
44298,3459,12,011,050308,Broward,12011050308
34375,3069,12,011,050309,Broward,12011050309
33090,3783,12,011,050311,Broward,12011050311
29531,2636,12,011,050312,Broward,12011050312
27471,4199,12,011,050313,Broward,12011050313
29754,3787,12,011,050314,Broward,12011050314
41932,2260,12,011,050315,Broward,12011050315
50854,1980,12,011,050316,Broward,12011050316
67301,4179,12,011,050401,Broward,12011050401
78796,4520,12,011,050402,Broward,12011050402
63056,3023,12,011,050501,Broward,12011050501
63405,5251,12,011,050502,Broward,12011050502
93571,3207,12,011,050601,Broward,12011050601
61359,3528,12,011,050602,Broward,12011050602
69205,3685,12,011,050701,Broward,12011050701
58850,7714,12,011,050702,Broward,12011050702
54241,5518,12,011,050800,Broward,12011050800
85871,5155,12,011,050900,Broward,12011050900
71332,3717,12,011,051001,Broward,12011051001
81888,2722,12,011,051002,Broward,12011051002
54939,6874,12,011,060105,Broward,12011060105
50226,4821,12,011,060107,Broward,12011060107
98429,3973,12,011,060109,Broward,12011060109
57421,6880,12,011,060111,Broward,12011060111
72361,6884,12,011,060113,Broward,12011060113
90071,6399,12,011,060114,Broward,12011060114
59471,7328,12,011,060115,Broward,12011060115
75411,6976,12,011,060116,Broward,12011060116
48281,6738,12,011,060117,Broward,12011060117
96359,4951,12,011,060118,Broward,12011060118
107083,7241,12,011,060119,Broward,12011060119
117810,7501,12,011,060120,Broward,12011060120
128967,5076,12,011,060121,Broward,12011060121
78500,6404,12,011,060122,Broward,12011060122
69781,3568,12,011,060123,Broward,12011060123
44061,6272,12,011,060124,Broward,12011060124
81282,2232,12,011,060125,Broward,12011060125
113027,5469,12,011,060126,Broward,12011060126
60580,3190,12,011,060127,Broward,12011060127
45446,7046,12,011,060128,Broward,12011060128
51308,2188,12,011,060129,Broward,12011060129
45664,5456,12,011,060130,Broward,12011060130
51756,6671,12,011,060203,Broward,12011060203
42903,4943,12,011,060206,Broward,12011060206
44716,4949,12,011,060207,Broward,12011060207
49928,6040,12,011,060208,Broward,12011060208
69643,2543,12,011,060209,Broward,12011060209
103500,3172,12,011,060210,Broward,12011060210
40604,4659,12,011,060211,Broward,12011060211
105577,3430,12,011,060212,Broward,12011060212
28666,2852,12,011,060214,Broward,12011060214
28612,2429,12,011,060215,Broward,12011060215
42715,7888,12,011,060302,Broward,12011060302
38319,6883,12,011,060303,Broward,12011060303
49875,3408,12,011,060304,Broward,12011060304
51875,1911,12,011,060305,Broward,12011060305
42838,2197,12,011,060306,Broward,12011060306
42702,4986,12,011,060401,Broward,12011060401
42459,6826,12,011,060402,Broward,12011060402
27257,1573,12,011,060404,Broward,12011060404
35612,3165,12,011,060405,Broward,12011060405
54250,6485,12,011,060501,Broward,12011060501
104209,4379,12,011,060503,Broward,12011060503
110774,4368,12,011,060504,Broward,12011060504
55824,4408,12,011,060505,Broward,12011060505
85298,5132,12,011,060603,Broward,12011060603
81947,4659,12,011,060605,Broward,12011060605
49926,5217,12,011,060606,Broward,12011060606
118269,2930,12,011,060607,Broward,12011060607
68404,7407,12,011,060608,Broward,12011060608
93185,3917,12,011,060609,Broward,12011060609
100489,3074,12,011,060700,Broward,12011060700
63438,1424,12,011,060801,Broward,12011060801
63641,7219,12,011,060802,Broward,12011060802
107396,4146,12,011,060900,Broward,12011060900
137105,6358,12,011,061001,Broward,12011061001
113897,2950,12,011,061003,Broward,12011061003
83288,6909,12,011,061004,Broward,12011061004
61067,7592,12,011,061100,Broward,12011061100
69048,1520,12,011,070102,Broward,12011070102
87561,5452,12,011,070103,Broward,12011070103
48650,5814,12,011,070104,Broward,12011070104
51484,6468,12,011,070204,Broward,12011070204
95688,5975,12,011,070205,Broward,12011070205
121821,7404,12,011,070208,Broward,12011070208
150221,4922,12,011,070209,Broward,12011070209
60588,3713,12,011,070210,Broward,12011070210
107096,5787,12,011,070211,Broward,12011070211
69200,3728,12,011,070212,Broward,12011070212
61108,3368,12,011,070213,Broward,12011070213
109169,8380,12,011,070304,Broward,12011070304
137237,7627,12,011,070306,Broward,12011070306
111012,4429,12,011,070310,Broward,12011070310
123162,5565,12,011,070311,Broward,12011070311
157532,6763,12,011,070312,Broward,12011070312
158807,5590,12,011,070314,Broward,12011070314
158906,4979,12,011,070315,Broward,12011070315
130801,5534,12,011,070316,Broward,12011070316
173750,6556,12,011,070318,Broward,12011070318
163352,3930,12,011,070319,Broward,12011070319
148605,8176,12,011,070320,Broward,12011070320
86902,3166,12,011,070321,Broward,12011070321
67258,3298,12,011,070323,Broward,12011070323
53750,5603,12,011,070324,Broward,12011070324
101691,5069,12,011,070325,Broward,12011070325
192059,6288,12,011,070326,Broward,12011070326
70370,5641,12,011,070327,Broward,12011070327
95536,1039,12,011,070328,Broward,12011070328
221222,3454,12,011,070329,Broward,12011070329
177279,3700,12,011,070330,Broward,12011070330
153214,8793,12,011,070331,Broward,12011070331
117366,5793,12,011,070401,Broward,12011070401
150107,3865,12,011,070402,Broward,12011070402
107000,5520,12,011,070403,Broward,12011070403
137208,3655,12,011,070404,Broward,12011070404
116064,5039,12,011,070405,Broward,12011070405
112321,5715,12,011,070501,Broward,12011070501
86080,6534,12,011,070503,Broward,12011070503
37333,4958,12,011,070504,Broward,12011070504
55917,4986,12,011,070601,Broward,12011070601
91926,7513,12,011,070602,Broward,12011070602
42472,4404,12,011,080102,Broward,12011080102
64474,1465,12,011,080103,Broward,12011080103
71062,2406,12,011,080104,Broward,12011080104
42574,3115,12,011,080105,Broward,12011080105
77851,1321,12,011,080200,Broward,12011080200
44917,3221,12,011,080402,Broward,12011080402
47925,6189,12,011,080403,Broward,12011080403
54269,3023,12,011,080405,Broward,12011080405
77672,5991,12,011,080406,Broward,12011080406
41457,7334,12,011,080500,Broward,12011080500
112750,2074,12,011,090102,Broward,12011090102
76202,1617,12,011,090103,Broward,12011090103
65851,2947,12,011,090104,Broward,12011090104
100586,3937,12,011,090200,Broward,12011090200
46296,2676,12,011,090301,Broward,12011090301
23526,1956,12,011,090303,Broward,12011090303
63238,4623,12,011,090304,Broward,12011090304
56094,4560,12,011,090401,Broward,12011090401
44286,4234,12,011,090403,Broward,12011090403
45992,4469,12,011,090404,Broward,12011090404
112030,6866,12,011,090502,Broward,12011090502
77625,2740,12,011,090503,Broward,12011090503
47307,3296,12,011,090504,Broward,12011090504
62500,3132,12,011,090601,Broward,12011090601
75959,7556,12,011,090602,Broward,12011090602
94297,8371,12,011,090700,Broward,12011090700
80700,3767,12,011,090801,Broward,12011090801
52048,4408,12,011,090802,Broward,12011090802
120000,5319,12,011,090900,Broward,12011090900
83786,4461,12,011,091000,Broward,12011091000
48297,7441,12,011,091100,Broward,12011091100
65250,6186,12,011,091201,Broward,12011091201
66078,4295,12,011,091202,Broward,12011091202
82500,4454,12,011,091300,Broward,12011091300
55236,6297,12,011,091400,Broward,12011091400
60865,6345,12,011,091500,Broward,12011091500
39253,3565,12,011,091601,Broward,12011091601
45982,3374,12,011,091602,Broward,12011091602
67129,4529,12,011,091701,Broward,12011091701
52789,5148,12,011,091702,Broward,12011091702
62109,3307,12,011,091802,Broward,12011091802
44533,4194,12,011,091803,Broward,12011091803
62837,2293,12,011,091804,Broward,12011091804
73237,4196,12,011,091901,Broward,12011091901
44945,2498,12,011,091903,Broward,12011091903
41018,2281,12,011,091904,Broward,12011091904
79107,3598,12,011,092000,Broward,12011092000
39303,3480,12,011,100103,Broward,12011100103
30161,2863,12,011,100104,Broward,12011100104
65950,2613,12,011,100105,Broward,12011100105
47134,2849,12,011,100106,Broward,12011100106
73786,2035,12,011,100107,Broward,12011100107
71138,2661,12,011,100108,Broward,12011100108
45230,2288,12,011,100201,Broward,12011100201
34731,3180,12,011,100203,Broward,12011100203
46250,2782,12,011,100204,Broward,12011100204
73442,4694,12,011,100301,Broward,12011100301
35565,2422,12,011,100302,Broward,12011100302
35388,5948,12,011,100400,Broward,12011100400
28464,1312,12,011,100501,Broward,12011100501
44586,4238,12,011,100502,Broward,12011100502
65775,5146,12,011,100600,Broward,12011100600
46495,6319,12,011,100700,Broward,12011100700
46843,4274,12,011,100801,Broward,12011100801
62091,3479,12,011,100803,Broward,12011100803
45697,4133,12,011,100804,Broward,12011100804
90893,7495,12,011,110100,Broward,12011110100
103482,6800,12,011,110301,Broward,12011110301
156250,4339,12,011,110303,Broward,12011110303
110515,5962,12,011,110307,Broward,12011110307
77363,6522,12,011,110308,Broward,12011110308
60342,7061,12,011,110309,Broward,12011110309
81417,6992,12,011,110311,Broward,12011110311
75533,7105,12,011,110312,Broward,12011110312
69120,5121,12,011,110313,Broward,12011110313
91318,6745,12,011,110319,Broward,12011110319
120764,5709,12,011,110321,Broward,12011110321
59047,8002,12,011,110323,Broward,12011110323
128507,4553,12,011,110326,Broward,12011110326
119334,5703,12,011,110327,Broward,12011110327
91528,5916,12,011,110328,Broward,12011110328
126063,3624,12,011,110330,Broward,12011110330
101701,5657,12,011,110332,Broward,12011110332
117404,6480,12,011,110333,Broward,12011110333
24056,3641,12,011,110334,Broward,12011110334
63093,8060,12,011,110337,Broward,12011110337
64967,3407,12,011,110338,Broward,12011110338
61463,4617,12,011,110339,Broward,12011110339
51835,3799,12,011,110341,Broward,12011110341
119033,3579,12,011,110344,Broward,12011110344
109163,4477,12,011,110345,Broward,12011110345
63403,3785,12,011,110346,Broward,12011110346
137263,5688,12,011,110347,Broward,12011110347
76498,4938,12,011,110348,Broward,12011110348
84524,3978,12,011,110349,Broward,12011110349
122979,3009,12,011,110350,Broward,12011110350
34840,3537,12,011,110351,Broward,12011110351
75208,2711,12,011,110352,Broward,12011110352
67956,6445,12,011,110353,Broward,12011110353
17672,6053,12,011,110354,Broward,12011110354
27256,5004,12,011,110355,Broward,12011110355
94934,4063,12,011,110356,Broward,12011110356
143938,8005,12,011,110357,Broward,12011110357
114423,6101,12,011,110358,Broward,12011110358
173314,5242,12,011,110359,Broward,12011110359
164442,5261,12,011,110360,Broward,12011110360
151149,10174,12,011,110361,Broward,12011110361
70885,7117,12,011,110362,Broward,12011110362
103210,3999,12,011,110363,Broward,12011110363
86227,6720,12,011,110364,Broward,12011110364
79099,6471,12,011,110365,Broward,12011110365
78776,5522,12,011,110366,Broward,12011110366
53494,5995,12,011,110367,Broward,12011110367
150896,3077,12,011,110368,Broward,12011110368
102363,5993,12,011,110402,Broward,12011110402
77361,4792,12,011,110403,Broward,12011110403
71864,6872,12,011,110404,Broward,12011110404
78599,3996,12,011,110501,Broward,12011110501
77399,5449,12,011,110502,Broward,12011110502
71844,5497,12,011,110600,Broward,12011110600
-666666666,1,12,011,980000,Broward,12011980000
-666666666,0,12,011,990000,Broward,12011990000
89659,2964,12,099,000102,Palm Beach,12099000102
159853,2035,12,099,000103,Palm Beach,12099000103
67059,4596,12,099,000104,Palm Beach,12099000104
67421,7029,12,099,000202,Palm Beach,12099000202
73618,3735,12,099,000204,Palm Beach,12099000204
129167,4660,12,099,000208,Palm Beach,12099000208
109255,6852,12,099,000210,Palm Beach,12099000210
152727,3976,12,099,000211,Palm Beach,12099000211
62145,2986,12,099,000213,Palm Beach,12099000213
140553,6994,12,099,000214,Palm Beach,12099000214
107765,3510,12,099,000216,Palm Beach,12099000216
86023,4431,12,099,000217,Palm Beach,12099000217
84597,3769,12,099,000218,Palm Beach,12099000218
110022,7296,12,099,000219,Palm Beach,12099000219
121486,5139,12,099,000220,Palm Beach,12099000220
115020,5582,12,099,000221,Palm Beach,12099000221
60650,2197,12,099,000222,Palm Beach,12099000222
125833,3133,12,099,000223,Palm Beach,12099000223
139563,3449,12,099,000301,Palm Beach,12099000301
240481,5067,12,099,000303,Palm Beach,12099000303
82992,5444,12,099,000304,Palm Beach,12099000304
120833,2881,12,099,000405,Palm Beach,12099000405
89129,2117,12,099,000406,Palm Beach,12099000406
87031,1620,12,099,000407,Palm Beach,12099000407
97975,3028,12,099,000408,Palm Beach,12099000408
83125,3860,12,099,000410,Palm Beach,12099000410
88182,2919,12,099,000505,Palm Beach,12099000505
250001,812,12,099,000507,Palm Beach,12099000507
94250,1869,12,099,000509,Palm Beach,12099000509
75250,1361,12,099,000512,Palm Beach,12099000512
78827,1384,12,099,000513,Palm Beach,12099000513
82446,1801,12,099,000600,Palm Beach,12099000600
82386,3340,12,099,000702,Palm Beach,12099000702
142632,3502,12,099,000703,Palm Beach,12099000703
77563,3252,12,099,000803,Palm Beach,12099000803
70506,5784,12,099,000805,Palm Beach,12099000805
95642,2766,12,099,000902,Palm Beach,12099000902
87949,6022,12,099,000903,Palm Beach,12099000903
97368,4246,12,099,000904,Palm Beach,12099000904
113750,3581,12,099,000905,Palm Beach,12099000905
55750,6710,12,099,001002,Palm Beach,12099001002
91908,5092,12,099,001003,Palm Beach,12099001003
71917,5979,12,099,001004,Palm Beach,12099001004
61000,7142,12,099,001101,Palm Beach,12099001101
67610,2348,12,099,001102,Palm Beach,12099001102
51632,4432,12,099,001200,Palm Beach,12099001200
68903,7238,12,099,001301,Palm Beach,12099001301
42546,5186,12,099,001302,Palm Beach,12099001302
43971,2498,12,099,001402,Palm Beach,12099001402
32970,3406,12,099,001403,Palm Beach,12099001403
47529,4496,12,099,001404,Palm Beach,12099001404
42587,2525,12,099,001500,Palm Beach,12099001500
34813,4403,12,099,001600,Palm Beach,12099001600
65732,4358,12,099,001700,Palm Beach,12099001700
55688,5744,12,099,001801,Palm Beach,12099001801
41590,3753,12,099,001802,Palm Beach,12099001802
75089,3410,12,099,001904,Palm Beach,12099001904
54312,3838,12,099,001907,Palm Beach,12099001907
45856,3488,12,099,001909,Palm Beach,12099001909
38571,1784,12,099,001910,Palm Beach,12099001910
30795,988,12,099,001911,Palm Beach,12099001911
25972,1849,12,099,001912,Palm Beach,12099001912
27345,2588,12,099,001913,Palm Beach,12099001913
62471,3618,12,099,001916,Palm Beach,12099001916
47479,5444,12,099,001917,Palm Beach,12099001917
73313,3573,12,099,001918,Palm Beach,12099001918
95523,6122,12,099,001919,Palm Beach,12099001919
52304,3956,12,099,001920,Palm Beach,12099001920
63155,3358,12,099,001921,Palm Beach,12099001921
51157,4926,12,099,002005,Palm Beach,12099002005
47943,5349,12,099,002006,Palm Beach,12099002006
31292,4838,12,099,002100,Palm Beach,12099002100
31842,2759,12,099,002200,Palm Beach,12099002200
52083,3478,12,099,002300,Palm Beach,12099002300
39308,2151,12,099,002400,Palm Beach,12099002400
99467,2579,12,099,002600,Palm Beach,12099002600
-666666666,1470,12,099,002701,Palm Beach,12099002701
111645,2547,12,099,002702,Palm Beach,12099002702
76284,2672,12,099,002703,Palm Beach,12099002703
69647,3259,12,099,002800,Palm Beach,12099002800
37976,5963,12,099,002900,Palm Beach,12099002900
59750,5583,12,099,003000,Palm Beach,12099003000
73409,7664,12,099,003101,Palm Beach,12099003101
54790,6761,12,099,003102,Palm Beach,12099003102
58821,5167,12,099,003201,Palm Beach,12099003201
85720,8019,12,099,003202,Palm Beach,12099003202
77473,4742,12,099,003300,Palm Beach,12099003300
80051,4400,12,099,003400,Palm Beach,12099003400
250001,2028,12,099,003507,Palm Beach,12099003507
163750,1407,12,099,003512,Palm Beach,12099003512
250001,1619,12,099,003513,Palm Beach,12099003513
223750,2862,12,099,003514,Palm Beach,12099003514
111855,5487,12,099,003600,Palm Beach,12099003600
59821,5763,12,099,003700,Palm Beach,12099003700
65949,2878,12,099,003801,Palm Beach,12099003801
65449,4656,12,099,003802,Palm Beach,12099003802
59223,4671,12,099,003901,Palm Beach,12099003901
71513,6385,12,099,003902,Palm Beach,12099003902
64537,4698,12,099,004005,Palm Beach,12099004005
56250,6387,12,099,004007,Palm Beach,12099004007
50000,6060,12,099,004008,Palm Beach,12099004008
65246,3606,12,099,004009,Palm Beach,12099004009
52600,3000,12,099,004010,Palm Beach,12099004010
50250,5509,12,099,004011,Palm Beach,12099004011
41297,5050,12,099,004012,Palm Beach,12099004012
34176,3736,12,099,004013,Palm Beach,12099004013
56429,4485,12,099,004101,Palm Beach,12099004101
54135,4249,12,099,004102,Palm Beach,12099004102
46643,3370,12,099,004203,Palm Beach,12099004203
37479,2674,12,099,004204,Palm Beach,12099004204
76406,5207,12,099,004205,Palm Beach,12099004205
71164,2752,12,099,004206,Palm Beach,12099004206
42419,3016,12,099,004207,Palm Beach,12099004207
100901,6189,12,099,004300,Palm Beach,12099004300
85714,4605,12,099,004401,Palm Beach,12099004401
45962,4852,12,099,004402,Palm Beach,12099004402
44544,7725,12,099,004500,Palm Beach,12099004500
74434,4905,12,099,004601,Palm Beach,12099004601
61250,4967,12,099,004602,Palm Beach,12099004602
76392,7947,12,099,004702,Palm Beach,12099004702
54167,7012,12,099,004704,Palm Beach,12099004704
54014,5284,12,099,004705,Palm Beach,12099004705
42457,2930,12,099,004706,Palm Beach,12099004706
54356,5154,12,099,004810,Palm Beach,12099004810
88519,6578,12,099,004813,Palm Beach,12099004813
73036,7571,12,099,004815,Palm Beach,12099004815
62233,3009,12,099,004816,Palm Beach,12099004816
41042,3669,12,099,004817,Palm Beach,12099004817
38929,3185,12,099,004818,Palm Beach,12099004818
44454,4317,12,099,004819,Palm Beach,12099004819
90625,4398,12,099,004820,Palm Beach,12099004820
75664,4414,12,099,004821,Palm Beach,12099004821
55655,3238,12,099,004822,Palm Beach,12099004822
91544,2704,12,099,004823,Palm Beach,12099004823
96920,1767,12,099,004902,Palm Beach,12099004902
56328,5137,12,099,004903,Palm Beach,12099004903
61612,7155,12,099,004904,Palm Beach,12099004904
68654,5572,12,099,005000,Palm Beach,12099005000
53750,2814,12,099,005101,Palm Beach,12099005101
56127,7044,12,099,005102,Palm Beach,12099005102
66454,5649,12,099,005202,Palm Beach,12099005202
56821,1983,12,099,005203,Palm Beach,12099005203
52083,4441,12,099,005204,Palm Beach,12099005204
55868,5021,12,099,005300,Palm Beach,12099005300
101667,3081,12,099,005411,Palm Beach,12099005411
77697,2839,12,099,005412,Palm Beach,12099005412
128320,1289,12,099,005413,Palm Beach,12099005413
62685,4325,12,099,005501,Palm Beach,12099005501
68727,6421,12,099,005502,Palm Beach,12099005502
49543,6275,12,099,005601,Palm Beach,12099005601
108527,1771,12,099,005602,Palm Beach,12099005602
60021,7970,12,099,005702,Palm Beach,12099005702
43598,2747,12,099,005703,Palm Beach,12099005703
42675,1773,12,099,005704,Palm Beach,12099005704
63547,4299,12,099,005807,Palm Beach,12099005807
38550,1667,12,099,005810,Palm Beach,12099005810
72041,3719,12,099,005811,Palm Beach,12099005811
59192,4847,12,099,005812,Palm Beach,12099005812
63695,6081,12,099,005813,Palm Beach,12099005813
64671,4644,12,099,005814,Palm Beach,12099005814
58915,5186,12,099,005815,Palm Beach,12099005815
79077,3879,12,099,005818,Palm Beach,12099005818
98060,3805,12,099,005819,Palm Beach,12099005819
102656,6672,12,099,005820,Palm Beach,12099005820
72092,5267,12,099,005821,Palm Beach,12099005821
77222,7364,12,099,005916,Palm Beach,12099005916
104091,4868,12,099,005917,Palm Beach,12099005917
105833,5493,12,099,005918,Palm Beach,12099005918
86055,7914,12,099,005921,Palm Beach,12099005921
68255,5465,12,099,005922,Palm Beach,12099005922
70625,3481,12,099,005923,Palm Beach,12099005923
57652,5212,12,099,005926,Palm Beach,12099005926
58998,4224,12,099,005930,Palm Beach,12099005930
56071,2659,12,099,005931,Palm Beach,12099005931
34107,2599,12,099,005933,Palm Beach,12099005933
70938,4599,12,099,005934,Palm Beach,12099005934
47943,2663,12,099,005936,Palm Beach,12099005936
191250,1361,12,099,005937,Palm Beach,12099005937
69469,3913,12,099,005938,Palm Beach,12099005938
32727,1353,12,099,005939,Palm Beach,12099005939
37036,2054,12,099,005940,Palm Beach,12099005940
141930,2881,12,099,005942,Palm Beach,12099005942
36601,2137,12,099,005943,Palm Beach,12099005943
36441,2601,12,099,005944,Palm Beach,12099005944
68111,4475,12,099,005945,Palm Beach,12099005945
125225,9798,12,099,005946,Palm Beach,12099005946
89485,4343,12,099,005947,Palm Beach,12099005947
104929,3659,12,099,005949,Palm Beach,12099005949
104455,4026,12,099,005950,Palm Beach,12099005950
65086,4751,12,099,005951,Palm Beach,12099005951
70573,1239,12,099,005952,Palm Beach,12099005952
73420,4473,12,099,005953,Palm Beach,12099005953
76205,4346,12,099,005954,Palm Beach,12099005954
99151,4578,12,099,005955,Palm Beach,12099005955
56281,3901,12,099,005957,Palm Beach,12099005957
78200,1667,12,099,005958,Palm Beach,12099005958
49639,3529,12,099,005959,Palm Beach,12099005959
100625,5428,12,099,005960,Palm Beach,12099005960
125092,2777,12,099,005961,Palm Beach,12099005961
75993,3850,12,099,006005,Palm Beach,12099006005
64433,3334,12,099,006006,Palm Beach,12099006006
65250,4185,12,099,006007,Palm Beach,12099006007
104858,2536,12,099,006008,Palm Beach,12099006008
51778,2207,12,099,006009,Palm Beach,12099006009
72692,3560,12,099,006010,Palm Beach,12099006010
69755,3820,12,099,006011,Palm Beach,12099006011
72879,5653,12,099,006012,Palm Beach,12099006012
44050,4320,12,099,006100,Palm Beach,12099006100
75074,5487,12,099,006201,Palm Beach,12099006201
80313,2553,12,099,006202,Palm Beach,12099006202
52194,2134,12,099,006203,Palm Beach,12099006203
67179,2875,12,099,006301,Palm Beach,12099006301
103750,2910,12,099,006302,Palm Beach,12099006302
79985,2034,12,099,006401,Palm Beach,12099006401
84917,3791,12,099,006402,Palm Beach,12099006402
70707,1356,12,099,006501,Palm Beach,12099006501
113630,3813,12,099,006502,Palm Beach,12099006502
119879,3041,12,099,006602,Palm Beach,12099006602
113750,5199,12,099,006604,Palm Beach,12099006604
98237,4340,12,099,006606,Palm Beach,12099006606
83484,5761,12,099,006607,Palm Beach,12099006607
68375,2952,12,099,006700,Palm Beach,12099006700
59966,7068,12,099,006801,Palm Beach,12099006801
62292,3332,12,099,006802,Palm Beach,12099006802
78090,5307,12,099,006906,Palm Beach,12099006906
68952,3383,12,099,006907,Palm Beach,12099006907
50187,4067,12,099,006908,Palm Beach,12099006908
75714,2630,12,099,006909,Palm Beach,12099006909
42545,2395,12,099,006910,Palm Beach,12099006910
52132,3289,12,099,006911,Palm Beach,12099006911
93750,4559,12,099,006912,Palm Beach,12099006912
160208,4037,12,099,007005,Palm Beach,12099007005
105675,4234,12,099,007006,Palm Beach,12099007006
152112,4319,12,099,007007,Palm Beach,12099007007
186250,4757,12,099,007008,Palm Beach,12099007008
180806,3597,12,099,007009,Palm Beach,12099007009
80208,2145,12,099,007010,Palm Beach,12099007010
143750,2926,12,099,007011,Palm Beach,12099007011
96146,1954,12,099,007012,Palm Beach,12099007012
103971,5121,12,099,007013,Palm Beach,12099007013
-666666666,3611,12,099,007100,Palm Beach,12099007100
100477,5649,12,099,007202,Palm Beach,12099007202
51904,2824,12,099,007204,Palm Beach,12099007204
63578,2819,12,099,007205,Palm Beach,12099007205
124837,2297,12,099,007206,Palm Beach,12099007206
67191,2371,12,099,007207,Palm Beach,12099007207
36350,1800,12,099,007208,Palm Beach,12099007208
75307,4581,12,099,007301,Palm Beach,12099007301
78938,5570,12,099,007302,Palm Beach,12099007302
149688,2058,12,099,007407,Palm Beach,12099007407
132606,1820,12,099,007410,Palm Beach,12099007410
152829,1246,12,099,007412,Palm Beach,12099007412
135050,2203,12,099,007414,Palm Beach,12099007414
124286,3365,12,099,007420,Palm Beach,12099007420
126250,3772,12,099,007421,Palm Beach,12099007421
110673,3718,12,099,007501,Palm Beach,12099007501
77643,3029,12,099,007504,Palm Beach,12099007504
112701,3446,12,099,007505,Palm Beach,12099007505
138523,2299,12,099,007603,Palm Beach,12099007603
131950,7044,12,099,007604,Palm Beach,12099007604
141339,3622,12,099,007605,Palm Beach,12099007605
102072,4622,12,099,007610,Palm Beach,12099007610
95948,6038,12,099,007612,Palm Beach,12099007612
62063,3765,12,099,007613,Palm Beach,12099007613
89120,4539,12,099,007614,Palm Beach,12099007614
63350,3708,12,099,007615,Palm Beach,12099007615
84688,3167,12,099,007616,Palm Beach,12099007616
54866,1498,12,099,007619,Palm Beach,12099007619
38224,3250,12,099,007620,Palm Beach,12099007620
105833,1870,12,099,007621,Palm Beach,12099007621
61000,4515,12,099,007622,Palm Beach,12099007622
112083,4075,12,099,007623,Palm Beach,12099007623
70238,2770,12,099,007624,Palm Beach,12099007624
101984,4284,12,099,007705,Palm Beach,12099007705
125259,7189,12,099,007710,Palm Beach,12099007710
97867,4677,12,099,007716,Palm Beach,12099007716
140302,4721,12,099,007721,Palm Beach,12099007721
150729,2371,12,099,007723,Palm Beach,12099007723
103542,7027,12,099,007724,Palm Beach,12099007724
93450,6551,12,099,007725,Palm Beach,12099007725
160896,6842,12,099,007730,Palm Beach,12099007730
116528,5787,12,099,007731,Palm Beach,12099007731
61035,8012,12,099,007732,Palm Beach,12099007732
136696,6576,12,099,007735,Palm Beach,12099007735
69405,3966,12,099,007736,Palm Beach,12099007736
81938,4719,12,099,007738,Palm Beach,12099007738
68414,3376,12,099,007739,Palm Beach,12099007739
84469,6382,12,099,007740,Palm Beach,12099007740
55621,4680,12,099,007741,Palm Beach,12099007741
57083,4295,12,099,007742,Palm Beach,12099007742
73274,5229,12,099,007743,Palm Beach,12099007743
26114,1445,12,099,007746,Palm Beach,12099007746
38225,2897,12,099,007747,Palm Beach,12099007747
174183,5448,12,099,007748,Palm Beach,12099007748
84956,6549,12,099,007749,Palm Beach,12099007749
67955,3808,12,099,007750,Palm Beach,12099007750
103383,3874,12,099,007751,Palm Beach,12099007751
126667,6896,12,099,007752,Palm Beach,12099007752
90641,4411,12,099,007754,Palm Beach,12099007754
115208,4531,12,099,007757,Palm Beach,12099007757
93350,5136,12,099,007758,Palm Beach,12099007758
171184,1192,12,099,007759,Palm Beach,12099007759
84808,8679,12,099,007763,Palm Beach,12099007763
107969,1866,12,099,007764,Palm Beach,12099007764
55772,3862,12,099,007766,Palm Beach,12099007766
55187,4831,12,099,007767,Palm Beach,12099007767
70531,1522,12,099,007768,Palm Beach,12099007768
40213,1755,12,099,007769,Palm Beach,12099007769
161771,3015,12,099,007770,Palm Beach,12099007770
124089,3357,12,099,007771,Palm Beach,12099007771
111944,5613,12,099,007772,Palm Beach,12099007772
191172,6367,12,099,007773,Palm Beach,12099007773
201888,8191,12,099,007774,Palm Beach,12099007774
145729,7169,12,099,007775,Palm Beach,12099007775
116563,1128,12,099,007776,Palm Beach,12099007776
119611,4447,12,099,007777,Palm Beach,12099007777
159837,8158,12,099,007778,Palm Beach,12099007778
93636,3631,12,099,007779,Palm Beach,12099007779
131034,1795,12,099,007780,Palm Beach,12099007780
158442,6803,12,099,007805,Palm Beach,12099007805
77125,5415,12,099,007812,Palm Beach,12099007812
89625,7386,12,099,007813,Palm Beach,12099007813
158409,2483,12,099,007814,Palm Beach,12099007814
183750,1793,12,099,007818,Palm Beach,12099007818
94400,3152,12,099,007820,Palm Beach,12099007820
72813,2653,12,099,007821,Palm Beach,12099007821
128393,4092,12,099,007823,Palm Beach,12099007823
104167,3528,12,099,007830,Palm Beach,12099007830
91786,3494,12,099,007831,Palm Beach,12099007831
45182,3352,12,099,007832,Palm Beach,12099007832
52152,5660,12,099,007833,Palm Beach,12099007833
114583,1589,12,099,007834,Palm Beach,12099007834
235949,4806,12,099,007835,Palm Beach,12099007835
70310,7199,12,099,007837,Palm Beach,12099007837
94915,8333,12,099,007838,Palm Beach,12099007838
96927,1931,12,099,007840,Palm Beach,12099007840
73466,5746,12,099,007841,Palm Beach,12099007841
86096,2812,12,099,007842,Palm Beach,12099007842
82346,5496,12,099,007843,Palm Beach,12099007843
128750,4025,12,099,007844,Palm Beach,12099007844
136719,2358,12,099,007845,Palm Beach,12099007845
113092,642,12,099,007846,Palm Beach,12099007846
141500,8894,12,099,007847,Palm Beach,12099007847
125256,3392,12,099,007848,Palm Beach,12099007848
157153,1381,12,099,007849,Palm Beach,12099007849
117620,1855,12,099,007850,Palm Beach,12099007850
97146,3499,12,099,007851,Palm Beach,12099007851
-666666666,0,12,099,007852,Palm Beach,12099007852
111333,2370,12,099,007853,Palm Beach,12099007853
146587,4331,12,099,007909,Palm Beach,12099007909
114310,2631,12,099,007913,Palm Beach,12099007913
81940,5716,12,099,007914,Palm Beach,12099007914
131346,1358,12,099,007915,Palm Beach,12099007915
98266,4025,12,099,007916,Palm Beach,12099007916
88774,5222,12,099,007917,Palm Beach,12099007917
116750,2916,12,099,007918,Palm Beach,12099007918
113393,5196,12,099,007919,Palm Beach,12099007919
16441,3497,12,099,008001,Palm Beach,12099008001
36203,3902,12,099,008002,Palm Beach,12099008002
64658,6215,12,099,008101,Palm Beach,12099008101
-666666666,0,12,099,008102,Palm Beach,12099008102
44306,4462,12,099,008201,Palm Beach,12099008201
31082,3326,12,099,008202,Palm Beach,12099008202
41020,3969,12,099,008203,Palm Beach,12099008203
49427,2157,12,099,008301,Palm Beach,12099008301
45739,5873,12,099,008302,Palm Beach,12099008302
-666666666,0,12,099,980000,Palm Beach,12099980000
-666666666,0,12,099,980100,Palm Beach,12099980100
-666666666,0,12,099,980200,Palm Beach,12099980200
-666666666,0,12,099,980400,Palm Beach,12099980400
-666666666,0,12,099,980500,Palm Beach,12099980500
-666666666,0,12,099,990000,Palm Beach,12099990000
-666666666,0,12,099,990100,Palm Beach,12099990100
70125,4365,12,087,970400,Monroe,12087970400
87625,3086,12,087,970500,Monroe,12087970500
68692,1634,12,087,970600,Monroe,12087970600
48445,2796,12,087,970700,Monroe,12087970700
100144,4319,12,087,970800,Monroe,12087970800
82198,2190,12,087,970900,Monroe,12087970900
96071,1300,12,087,971001,Monroe,12087971001
90714,1743,12,087,971002,Monroe,12087971002
77200,3990,12,087,971100,Monroe,12087971100
76793,2712,12,087,971200,Monroe,12087971200
51905,1765,12,087,971300,Monroe,12087971300
71321,2894,12,087,971401,Monroe,12087971401
96442,1653,12,087,971402,Monroe,12087971402
95086,2238,12,087,971501,Monroe,12087971501
110433,3399,12,087,971502,Monroe,12087971502
111727,2300,12,087,971600,Monroe,12087971600
100455,3409,12,087,971700,Monroe,12087971700
69896,5943,12,087,971800,Monroe,12087971800
73047,6647,12,087,971900,Monroe,12087971900
91385,4452,12,087,972000,Monroe,12087972000
83009,4741,12,087,972100,Monroe,12087972100
89866,3373,12,087,972200,Monroe,12087972200
57282,2866,12,087,972400,Monroe,12087972400
127589,994,12,087,972500,Monroe,12087972500
77009,4212,12,087,972700,Monroe,12087972700
97938,3005,12,087,972800,Monroe,12087972800
-666666666,16,12,087,980000,Monroe,12087980000
-666666666,2,12,087,980100,Monroe,12087980100
-666666666,0,12,087,990000,Monroe,12087990000
